model;accuracy;precision;recall;f1_score;roc_auc_score
KNeighborsClassifier;0.7857142857142857;0.7636363636363637;0.8155339805825242;0.7887323943661971;0.7862716631884584
DecisionTreeClassifier;0.7261904761904762;0.7156398104265402;0.7330097087378641;0.724220623501199;0.7263179384810815
Naive_Bayes(Bernulli_NB);0.6880952380952381;0.6829268292682927;0.6796116504854369;0.6812652068126521;0.6879366663642138
LogisticRegression;0.7595238095238095;0.7511961722488039;0.7621359223300971;0.7566265060240964;0.7595726340622447
