model;accuracy;precision;recall;f1_score;roc_auc_score;specificity
Naive_Bayes(Bernulli_NB);0.7071428571428572;0.6812227074235808;0.7572815533980582;0.7172413793103449;0.7080800290354777;0.6588785046728972
DecisionTreeClassifier;0.7023809523809523;0.7014925373134329;0.6844660194174758;0.6928746928746929;0.7020460938208873;0.719626168224299
KNeighborsClassifier;0.7619047619047619;0.7476635514018691;0.7766990291262136;0.7619047619047619;0.7621812902640415;0.7476635514018691
LogisticRegression;0.7547619047619047;0.7373271889400922;0.7766990291262136;0.7565011820330969;0.755171944469649;0.7336448598130841
RandomForestClassifier;0.819047619047619;0.8155339805825242;0.8155339805825242;0.8155339805825242;0.8189819435622901;0.822429906542056
