model;accuracy;precision;recall;f1_score;roc_auc_score;specificity
Naive_Bayes(Bernulli_NB);0.7119047619047619;0.7073170731707317;0.7038834951456311;0.705596107055961;0.711754831684965;0.719626168224299
DecisionTreeClassifier;0.7309523809523809;0.7336683417085427;0.7087378640776699;0.7209876543209877;0.7305371563379004;0.7523364485981309
KNeighborsClassifier;0.7642857142857142;0.7488372093023256;0.7815533980582524;0.7648456057007125;0.7646084747300609;0.7476635514018691
LogisticRegression;0.7476190476190476;0.7336448598130841;0.7621359223300971;0.7476190476190476;0.7478903910715906;0.7336448598130841
RandomForestClassifier;0.819047619047619;0.8155339805825242;0.8155339805825242;0.8155339805825242;0.8189819435622901;0.822429906542056
