model;accuracy;precision;recall;f1_score;roc_auc_score;specificity
Naive_Bayes(Bernulli_NB);0.7119047619047619;0.7073170731707317;0.7038834951456311;0.705596107055961;0.711754831684965;0.719626168224299
DecisionTreeClassifier;0.7309523809523809;0.7336683417085427;0.7087378640776699;0.7209876543209877;0.7305371563379004;0.7523364485981309
KNeighborsClassifier;0.7880952380952381;0.7623318385650224;0.8252427184466019;0.7925407925407925;0.7887895835223664;0.7523364485981309
LogisticRegression;0.7476190476190476;0.7336448598130841;0.7621359223300971;0.7476190476190476;0.7478903910715906;0.7336448598130841
RandomForestClassifier;0.8047619047619048;0.7971014492753623;0.8048780487804879;0.8009708737864077;0.8047646057855928;0.8046511627906977
