model;accuracy;precision;recall;f1_score;roc_auc_score
KNeighborsClassifier;0.7857142857142857;0.7636363636363637;0.8155339805825242;0.7887323943661971;0.7862716631884584
