model;accuracy;precision;recall;f1_score;roc_auc_score
KNeighborsClassifier;0.7857142857142857;0.7636363636363637;0.8155339805825242;0.7887323943661971;0.7862716631884584
DecisionTreeClassifier;0.7261904761904762;0.7156398104265402;0.7330097087378641;0.724220623501199;0.7263179384810815
RandomForestClassifier;0.8023809523809524;0.783410138248848;0.8252427184466019;0.8037825059101655;0.8028082751111515
