model;accuracy;precision;recall;f1_score;roc_auc_score
KNeighborsClassifier;0.7285714285714285;0.6916666666666667;0.8058252427184466;0.7443946188340808;0.7300154250975411
