model;accuracy;precision;recall;f1_score;roc_auc_score
KNeighborsClassifier;0.7857142857142857;0.7636363636363637;0.8155339805825242;0.7887323943661971;0.7862716631884584
DecisionTreeClassifier;0.7261904761904762;0.7156398104265402;0.7330097087378641;0.724220623501199;0.7263179384810815
