model;accuracy;precision;recall;f1_score;roc_auc_score;specificity
DecisionTreeClassifier;0.7023809523809523;0.7014925373134329;0.6844660194174758;0.6928746928746929;0.7020460938208873;0.719626168224299
KNeighborsClassifier;0.7619047619047619;0.740909090909091;0.7912621359223301;0.7652582159624414;0.762453497867707;0.7336448598130841
LogisticRegression;0.7547619047619047;0.7373271889400922;0.7766990291262136;0.7565011820330969;0.755171944469649;0.7336448598130841
Naive_Bayes(Bernulli_NB);0.7071428571428572;0.6812227074235808;0.7572815533980582;0.7172413793103449;0.7080800290354777;0.6588785046728972
Naive_Bayes(Bernulli_NB)_optimized;0.7047619047619048;0.6798245614035088;0.7524271844660194;0.7142857142857143;0.7056528445694583;0.6588785046728972
RandomForestClassifier;0.7904761904761904;0.7746478873239436;0.8048780487804879;0.7894736842105262;0.7908111174134997;0.7767441860465116
